{
  "version": 1,
  "author": "Matheus K",
  "editor": "wokwi",
  "parts": [
    {
      "type": "wokwi-breadboard-half",
      "id": "bb1",
      "top": 371.4,
      "left": 2.8,
      "attrs": { "color": "#eeefed" }
    },
    { "type": "wokwi-breadboard-mini", "id": "bb2", "top": 680.2, "left": 64.8, "attrs": {} },
    { "type": "wokwi-arduino-uno", "id": "uno", "top": 375, "left": -375, "attrs": {} },
    {
      "type": "wokwi-dht22",
      "id": "dht1",
      "top": 192.3,
      "left": 138.6,
      "attrs": { "temperature": "1.9", "humidity": "42.5" }
    },
    {
      "type": "wokwi-lcd1602",
      "id": "lcd1",
      "top": 419.2,
      "left": 447.2,
      "attrs": { "pins": "i2c" }
    },
    {
      "type": "wokwi-led",
      "id": "led1",
      "top": 457.2,
      "left": 99.8,
      "attrs": { "color": "green" }
    },
    {
      "type": "wokwi-led",
      "id": "led2",
      "top": 457.2,
      "left": 195.8,
      "attrs": { "color": "red" }
    },
    {
      "type": "wokwi-resistor",
      "id": "r1",
      "top": 532.8,
      "left": 85.85,
      "rotate": 90,
      "attrs": { "value": "220" }
    },
    {
      "type": "wokwi-resistor",
      "id": "r2",
      "top": 532.8,
      "left": 181.85,
      "rotate": 90,
      "attrs": { "value": "220" }
    },
    { "type": "wokwi-servo", "id": "servo1", "top": 574, "left": 499.2, "attrs": {} },
    {
      "type": "wokwi-buzzer",
      "id": "bz1",
      "top": 280.8,
      "left": 21,
      "attrs": { "volume": "0.1" }
    },
    {
      "type": "wokwi-membrane-keypad",
      "id": "keypad1",
      "top": -40.4,
      "left": -359.2,
      "attrs": {}
    },
    { "type": "wokwi-ds1307", "id": "rtc1", "top": 138.6, "left": -479.9, "attrs": {} },
    {
      "type": "wokwi-pushbutton-6mm",
      "id": "btn1",
      "top": 702.6,
      "left": 131.2,
      "rotate": 270,
      "attrs": { "color": "green", "xray": "1" }
    }
  ],
  "connections": [
    [ "uno:5V", "bb1:tp.1", "red", [ "v9.5", "h195.8", "v-201.6" ] ],
    [ "uno:GND.3", "bb1:tn.1", "black", [ "v19.1", "h186.4", "v-192" ] ],
    [ "uno:A4", "bb1:30b.j", "blue", [ "v28.7", "h397.8", "v-67.2" ] ],
    [ "bb1:30b.f", "bb1:30t.e", "blue", [ "v0" ] ],
    [ "bb1:30t.a", "lcd1:SDA", "blue", [ "v-9.6", "h105.6", "v57.6" ] ],
    [ "uno:A5", "bb1:29b.j", "gold", [ "v38.3", "h378.7", "v-76.8" ] ],
    [ "bb1:29b.f", "bb1:29t.e", "gold", [ "v0" ] ],
    [ "bb1:29t.b", "lcd1:SCL", "gold", [ "v-9.6", "h105.6", "v57.6" ] ],
    [ "dht1:VCC", "bb1:tp.11", "red", [ "v0" ] ],
    [ "dht1:SDA", "bb1:15t.a", "violet", [ "v0" ] ],
    [ "keypad1:R1", "uno:10", "blue", [ "v28.8", "h38.4" ] ],
    [ "keypad1:R3", "uno:12", "gray", [ "v0" ] ],
    [ "keypad1:R4", "uno:13", "white", [ "v38.4", "h-29" ] ],
    [ "keypad1:R2", "uno:11", "violet", [ "v19.2", "h-0.4" ] ],
    [ "uno:A0", "keypad1:C1", "orange", [ "v28.7", "h-245.8", "v-249.6", "h201.6" ] ],
    [ "keypad1:C2", "uno:A1", "gold", [ "v38.4", "h-211.2", "v268.8", "h268.8" ] ],
    [ "uno:A2", "keypad1:C3", "magenta", [ "v47.9", "h-284", "v-288", "h230.4" ] ],
    [ "keypad1:C4", "uno:A3", "purple", [ "v19.2", "h-249.9", "v307.2", "h297.6" ] ],
    [ "lcd1:GND", "bb1:tn.24", "black", [ "h-28.8", "v-48", "h-124.8" ] ],
    [ "bb1:tn.25", "bb1:bn.25", "black", [ "v-0.1", "h30.4", "v182.4" ] ],
    [ "uno:6", "bb1:21b.j", "cyan", [ "v-57.6", "h109.3", "v211.2", "h288" ] ],
    [ "bb1:bp.25", "bb1:tp.25", "red", [ "v-0.9", "h40", "v-172.8" ] ],
    [ "bb1:tp.24", "lcd1:VCC", "red", [ "v-18.9", "h136", "v96" ] ],
    [ "servo1:V+", "bb1:bp.24", "red", [ "h0" ] ],
    [ "servo1:GND", "bb1:bn.24", "black", [ "h0" ] ],
    [ "servo1:PWM", "bb1:1b.j", "orange", [ "h0" ] ],
    [ "bb1:1b.f", "uno:9", "orange", [ "v0", "h-115.2", "v-144", "h-124.8" ] ],
    [ "bb1:11b.j", "uno:5", "limegreen", [ "v19.2", "h-201.6", "v-192", "h-96" ] ],
    [ "bz1:1", "bb1:tn.2", "black", [ "v0" ] ],
    [ "bz1:2", "bb1:4t.a", "purple", [ "v0" ] ],
    [ "uno:7", "bb1:4t.c", "purple", [ "v-48", "h147.6", "v134.4", "h96" ] ],
    [ "bb1:tn.14", "dht1:GND", "black", [ "v0" ] ],
    [ "uno:2", "bb1:15t.e", "violet", [ "v-19.2", "h90.5", "v115.2", "h211.2" ] ],
    [
      "rtc1:GND",
      "uno:GND.1",
      "black",
      [ "h-19.2", "v-19.2", "h115.2", "v172.8", "h105.6", "v57.6", "h9.6" ]
    ],
    [ "rtc1:5V", "uno:5V", "red", [ "h-19.2", "v479.6", "h278.4" ] ],
    [ "rtc1:SCL", "uno:A5.2", "orange", [ "h-9.6", "v115", "h201.6" ] ],
    [ "rtc1:SDA", "uno:A4.2", "blue", [ "h9.6", "v114.9", "h182.4" ] ],
    [ "led1:A", "bb1:11b.g", "", [ "$bb" ] ],
    [ "led1:C", "bb1:10b.g", "", [ "$bb" ] ],
    [ "led2:A", "bb1:21b.g", "", [ "$bb" ] ],
    [ "led2:C", "bb1:20b.g", "", [ "$bb" ] ],
    [ "r1:1", "bb1:10b.h", "", [ "$bb" ] ],
    [ "r1:2", "bb1:bn.8", "", [ "$bb" ] ],
    [ "r2:1", "bb1:20b.h", "", [ "$bb" ] ],
    [ "r2:2", "bb1:bn.16", "", [ "$bb" ] ],
    [ "bb1:bn.11", "bb2:9t.a", "black", [ "v0" ] ],
    [ "btn1:1.l", "bb2:7t.e", "", [ "$bb" ] ],
    [ "btn1:2.l", "bb2:9t.e", "", [ "$bb" ] ],
    [ "btn1:1.r", "bb2:7t.b", "", [ "$bb" ] ],
    [ "btn1:2.r", "bb2:9t.b", "", [ "$bb" ] ],
    [ "uno:4", "bb2:7t.a", "green", [ "v-38.4", "h99.9", "v268.8", "h192" ] ]
  ],
  "dependencies": {}
}